,name,name_rus,texts_number,texts_percent
1,4th Earl of Chesterfield,nan,1,0.0003803727653100038
2,A. A. Milne,Алан Александр Милн,3,0.0011411182959300114
3,A. Michael Spence,nan,1,0.0003803727653100038
4,AUREL BRAUN,nan,1,0.0003803727653100038
5,Adalbert Stifter,Адальберт Штифтер,7,0.0026626093571700264
6,Adrián Mac Liman,nan,1,0.0003803727653100038
7,Agneta Pleijel,Агнета Плейель,1,0.0003803727653100038
8,Aivars Kalve,Айвар Калве,1,0.0003803727653100038
9,Alberts Bels,Алберт Бэл,3,0.0011411182959300114
10,Alejo Carpentier,Алехо Карпентьер,1,0.0003803727653100038
11,Aleksis Kivi,Алексис Киви,2,0.0007607455306200076
12,Alessandro Baricco,Алессандро Барикко,1,0.0003803727653100038
13,Alessandro Manzoni,Алессандро Мандзони,1,0.0003803727653100038
14,Alexander Markovsky,nan,1,0.0003803727653100038
15,Alfredo Relaño,nan,1,0.0003803727653100038
16,Amelia Gentleman and Nick Hopkins,nan,1,0.0003803727653100038
17,Amie Ferris-Rotman,nan,1,0.0003803727653100038
18,Andrea Camilleri,Андреа Камиллери,1,0.0003803727653100038
19,Andreï Makine,Андрей Макин,1,0.0003803727653100038
20,Andrejs Upīts,Андрей Упит,5,0.001901863826550019
21,Andrew Buncombe,nan,1,0.0003803727653100038
22,Andrew Higgins,nan,1,0.0003803727653100038
23,Andrew Miller,nan,1,0.0003803727653100038
24,Andris Jakubāns,Андрис Якубан,2,0.0007607455306200076
25,Andris Puriņš,Андрис Пуриньш,1,0.0003803727653100038
26,Andrzej Kublik,Анджей Кублик,1,0.0003803727653100038
27,Andrzej Sapkowski,Анджей Сапковский,6,0.002282236591860023
28,Angel Gómez Fuentes,nan,1,0.0003803727653100038
29,Anjani Trivedi,nan,1,0.0003803727653100038
30,Anna Brigadere,Анна Бригадере,1,0.0003803727653100038
31,Anna Zafesova,Анна Зафесова,1,0.0003803727653100038
32,Annika Thor,Анника Тор,2,0.0007607455306200076
33,Antanas Škėma,Антанас Шкема,1,0.0003803727653100038
34,Anthony Lane,nan,1,0.0003803727653100038
35,Antoine de Saint-Exupéry,Антуан де Сент-Экзюпери,1,0.0003803727653100038
36,Armando Fernández-Xesta,nan,1,0.0003803727653100038
37,Arthur Conan Doyle,Артур Конан Дойл,17,0.006466337010270064
38,Arthur Hailey,Артур Хейли,1,0.0003803727653100038
39,Arthur Schnitzler,Артур Шницлер,2,0.0007607455306200076
40,Astrid Lindgren,Астрид Линдгрен,1,0.0003803727653100038
41,August Strindberg,Август Стриндберг,2,0.0007607455306200076
42,Barcelona Turisme,Barcelona Turisme,1,0.0003803727653100038
43,Ben Rosen,nan,1,0.0003803727653100038
44,Benito Pérez Galdós,Бенито Перес Гальдос,1,0.0003803727653100038
45,Bernard Shaw,Бернард Шоу,1,0.0003803727653100038
46,Bianca Pitzorno,Бьянка Питцорно,1,0.0003803727653100038
47,Bill Conerly,nan,1,0.0003803727653100038
48,Bohdan Czeszko,Богдан Чешко,1,0.0003803727653100038
49,Bolesław Prus,Болеслав Прус,3,0.0011411182959300114
50,Bram Stoker,Брэм Стокер,1,0.0003803727653100038
51,Brian Phillips,nan,1,0.0003803727653100038
52,Bundeszentrale für gesundheitliche Aufklärung (BZgA),Федеральный центр информации о здоровье,1,0.0003803727653100038
53,Camera di Commercio Italo-russa,Camera di Commercio Italo-russa,17,0.006466337010270064
54,Camilo José Cela,Камило Хосе Села,2,0.0007607455306200076
55,Carl-Johan Vallgren,Карл-Йоганн Вальгрен,1,0.0003803727653100038
56,Carlo Collodi,Карло Коллоди,1,0.0003803727653100038
57,Carlo Goldoni,Карло Гольдони,1,0.0003803727653100038
58,Carlos Fuentes,Карлос Фуэнтес,1,0.0003803727653100038
59,Carlos Ilardo,nan,1,0.0003803727653100038
60,Catherine Dolan,nan,1,0.0003803727653100038
61,Catherine Merridale,nan,1,0.0003803727653100038
62,César Cervera,nan,8,0.0030429821224800305
63,Charles Dickens,Чарльз Диккенс,3,0.0011411182959300114
64,Charlotte Brontë,Шарлотта Бронте,1,0.0003803727653100038
65,Christina Wilkie,nan,1,0.0003803727653100038
66,Clive Staples Lewis,Клайв Стейплз Льюис,7,0.0026626093571700264
67,Cruz Morcillo,nan,2,0.0007607455306200076
68,Czesław Miłosz,Чеслав Милош,1,0.0003803727653100038
69,Dan Brown,Дэн Браун,2,0.0007607455306200076
70,Danny Wattin,Данни Ваттин,1,0.0003803727653100038
71,Dario Valcarcel,nan,1,0.0003803727653100038
72,Dave Majumdar,nan,5,0.001901863826550019
73,David Brooks,nan,1,0.0003803727653100038
74,David E. Sanger,nan,1,0.0003803727653100038
75,David Fickling,nan,2,0.0007607455306200076
76,David Filipov,nan,1,0.0003803727653100038
77,David Kaiser,nan,1,0.0003803727653100038
78,David Smith,nan,1,0.0003803727653100038
79,David Wroe,nan,1,0.0003803727653100038
80,Diana Engel,Диана Энгель,1,0.0003803727653100038
81,Diego Merry del Val,nan,2,0.0007607455306200076
82,Dino Buzzati,Дино Буццати,7,0.0026626093571700264
83,Doug Bandow,nan,2,0.0007607455306200076
84,Douglas Adams,Дуглас Адамс,1,0.0003803727653100038
85,Dr. Michael Ivanovitch,nan,1,0.0003803727653100038
86,EDITORIAL FISA ESCUDO DE ORO,"Издательство ""EDITORIAL FISA ESCUDO DE ORO S. A.""",2,0.0007607455306200076
87,EMILY TAMKIN,nan,1,0.0003803727653100038
88,EMMA GREEN,nan,1,0.0003803727653100038
89,Ed Rogers,nan,1,0.0003803727653100038
90,Edgar Poe,Эдгар По,3,0.0011411182959300114
91,Edmondo De Amicis,Эдмондо Де Амичис,1,0.0003803727653100038
92,Eduardo Mendoza,Эдуардо Мендоса,1,0.0003803727653100038
93,Edward Lucas,nan,1,0.0003803727653100038
94,Elisabeth Rynell,Элисабет Рюнель,1,0.0003803727653100038
95,Eliza Orzeszkowa,Элиза Ожешко,1,0.0003803727653100038
96,Emili J. Blasco,nan,2,0.0007607455306200076
97,Emilio Salgari,Эмилио Сальгари,1,0.0003803727653100038
98,Emily Brontë,Эмили Бронте,1,0.0003803727653100038
99,Enda Curran,nan,1,0.0003803727653100038
100,Eno Raud,Эно Рауд,1,0.0003803727653100038
101,Erich Kästner,Эрих Кестнер,2,0.0007607455306200076
102,Erich Maria Remarque,Эрих Мария Ремарк,1,0.0003803727653100038
103,Erle Stanley Gardner,Эрл Стэнли Гарднер,2,0.0007607455306200076
104,Ernest Hemingway,Эрнест Хемингуэй,5,0.001901863826550019
105,Ernesto Che Guevara,Эрнесто Че Гевара,2,0.0007607455306200076
106,Ernst Theodor Amadeus Hoffmann,Эрнст Теодор Амадей Гофман,3,0.0011411182959300114
107,Ernst Welteke,Эрнст Вельтеке,1,0.0003803727653100038
108,Esteban Villarejo,nan,1,0.0003803727653100038
109,Euan McKirdy,nan,1,0.0003803727653100038
110,F. J. Calero,nan,1,0.0003803727653100038
111,F. Scott Fitzgerald,Ф. Скотт Фицджеральд,1,0.0003803727653100038
112,FRANZ-STEFAN GADY,nan,1,0.0003803727653100038
113,Federica Bianchi,Федерика Бьянки,1,0.0003803727653100038
114,Francesca Caferri,Франческа Каферри,1,0.0003803727653100038
115,Francisco López-Seivane,nan,1,0.0003803727653100038
116,Francisco de Andrés,nan,1,0.0003803727653100038
117,Frank Sellers,nan,1,0.0003803727653100038
118,Franz Kafka,Франц Кафка,2,0.0007607455306200076
119,Fred Weir,nan,1,0.0003803727653100038
120,Frédéric Beigbeder,Фредерик Бегбедер,1,0.0003803727653100038
121,Friedrich Dürrenmatt,Фридрих Дюрренматт,2,0.0007607455306200076
122,Fritz W. Ermarth,nan,1,0.0003803727653100038
123,GILBERT T. SEWALL,nan,1,0.0003803727653100038
124,Gabriel Albiac,nan,1,0.0003803727653100038
125,Gabriel García Márquez,Габриэль Гарсиа Маркес,1,0.0003803727653100038
126,Ganna Grytsenko,nan,1,0.0003803727653100038
127,George Orwell,Джордж Оруэлл,2,0.0007607455306200076
128,Gérard Genette,Жерар Женетт,2,0.0007607455306200076
129,Gianni Riotta,Джанни Риотта,1,0.0003803727653100038
130,Gilbert K. Chesterton,Гилберт К. Честертон,1,0.0003803727653100038
131,Giorgio Bassani,Джорджо Бассани,1,0.0003803727653100038
132,Giorgio Faletti,Джорджо Фалетти,1,0.0003803727653100038
133,Giovannino Guareschi,Джованнино Гуарески,1,0.0003803727653100038
134,Giuseppe Boffa,Джузеппе Боффа,1,0.0003803727653100038
135,Gottfried August Bürger,Готфрид Август Бюргер,1,0.0003803727653100038
136,Gottfried Keller,Готфрид Келлер,1,0.0003803727653100038
137,Göran Tunström,Ёран Тунстрём,3,0.0011411182959300114
138,Graeme Wood,nan,1,0.0003803727653100038
139,Graham Greene,Грэм Грин,1,0.0003803727653100038
140,Gustav Meyrink,Густав Майринк,1,0.0003803727653100038
141,Gustave Flaubert,Гюстав Флобер,1,0.0003803727653100038
142,Guy de Maupassant,Ги де Мопассан,1,0.0003803727653100038
143,H. G. Wells,Герберт Уэллс,3,0.0011411182959300114
144,Hailey Reissman,nan,1,0.0003803727653100038
145,Hal Brands,nan,2,0.0007607455306200076
146,Harijs Gāliņš,Харий Галинь,1,0.0003803727653100038
147,Harry J. Kazianis,nan,1,0.0003803727653100038
148,Heather Stewart,nan,1,0.0003803727653100038
149,Heinrich Böll,Генрих Бёлль,1,0.0003803727653100038
150,Heinrich von Kleist,Генрих фон Клейст,1,0.0003803727653100038
151,Helen Fielding,Хелен Филдинг,1,0.0003803727653100038
152,Hella Wuolijoki,Хелла Вуолийоки,1,0.0003803727653100038
153,Henry Rider Haggard,Генри Райдер Хаггард,1,0.0003803727653100038
154,Henryk Sienkiewicz,Генрик Сенкевич,2,0.0007607455306200076
155,Herman Melville,Герман Мелвилл,1,0.0003803727653100038
156,Hermann Hesse,Герман Гессе,2,0.0007607455306200076
157,Héctor Martínez,nan,1,0.0003803727653100038
158,Hilary Swift,nan,1,0.0003803727653100038
159,Hjalmar Söderberg,Яльмар Сёдерберг,2,0.0007607455306200076
160,Honoré de Balzac,Оноре де Бальзак,3,0.0011411182959300114
161,Hugo Rafael Chávez Frías,nan,1,0.0003803727653100038
162,Ian Bremmer,nan,2,0.0007607455306200076
163,Icchokas Meras,Ицхокас Мерас,20,0.007607455306200076
164,Ilmari Kianto,Илмари Кианто,1,0.0003803727653100038
165,Imants Ziedonis,Имант Зиедонис,1,0.0003803727653100038
166,Inger Edelfeldt,Ингер Эдельфельдт,1,0.0003803727653100038
167,Isaac Asimov,Айзек Азимов,1,0.0003803727653100038
168,Israel Viana,nan,2,0.0007607455306200076
169,Italo Calvino,Итало Кальвино,2,0.0007607455306200076
170,Iван Шамякiн,Иван Шамякин,6,0.002282236591860023
171,J. D. Salinger,Дж. Д. Сэлинджер,1,0.0003803727653100038
172,J. R. R. Tolkien,Дж. Р. Р. Толкин,2,0.0007607455306200076
173,JUNTA DE ANDALUCÍA,ХУНТА АНДАЛУСИИ,1,0.0003803727653100038
174,Jaan Kaplinski,Ян Каплинский,1,0.0003803727653100038
175,Jaan Kross,Яан Кросс,2,0.0007607455306200076
176,Jacek Dukaj,Яцек Дукай,1,0.0003803727653100038
177,Jack Hellner,nan,1,0.0003803727653100038
178,Jack London,Джек Лондон,5,0.001901863826550019
179,Jackson Diehl,nan,1,0.0003803727653100038
180,Jamie Bartlett,nan,1,0.0003803727653100038
181,Jan Gazdík,Ян Газдик,1,0.0003803727653100038
182,Jane Austen,Джейн Остин,2,0.0007607455306200076
183,Jaroslav Hašek,Ярослав Гашек,4,0.0015214910612400153
184,Jason Bush,nan,1,0.0003803727653100038
185,Jason Horowitz,nan,1,0.0003803727653100038
186,Javier Chikote,nan,1,0.0003803727653100038
187,Javier Solana,nan,1,0.0003803727653100038
188,Jānis Lapsa,Янис Лапса,1,0.0003803727653100038
189,Jean Cocteau,Жан Кокто,2,0.0007607455306200076
190,Jeffrey Edmonds,nan,1,0.0003803727653100038
191,Jennifer Rubin,nan,1,0.0003803727653100038
192,Jenny Leonard,nan,1,0.0003803727653100038
193,Jerome K. Jerome,Джером К. Джером,1,0.0003803727653100038
194,Jerzy Andrzejewski,Ежи Анджеевский,1,0.0003803727653100038
195,Jim Sciutto and Euan McKirdy,nan,1,0.0003803727653100038
196,Joanna Chmielewska,Иоанна Хмелевская,1,0.0003803727653100038
197,Joanne Kathleen Rowling,Дж. К. Роулинг,1,0.0003803727653100038
198,Joaquin Gómez Cano,nan,1,0.0003803727653100038
199,Jodi Hilton,nan,1,0.0003803727653100038
200,Johann Wolfgang Goethe,Иоганн Вольфганг Гёте,1,0.0003803727653100038
201,John Fowles,Джон Фаулз,1,0.0003803727653100038
202,John Galsworthy,Джон Голсуорси,5,0.001901863826550019
203,John Lloyd,nan,1,0.0003803727653100038
204,John Siciliano,nan,1,0.0003803727653100038
205,John Steinbeck,Джон Стейнбек,2,0.0007607455306200076
206,Jonathan Pearlman,nan,1,0.0003803727653100038
207,Josef von Eichendorff,Йозеф фон Эйхендорф,1,0.0003803727653100038
208,Joseph Conrad,Джозеф Конрад,1,0.0003803727653100038
209,Josh Wingrove,nan,1,0.0003803727653100038
210,Józef Ignacy Kraszewski,Юзеф Игнацы Крашевский,4,0.0015214910612400153
211,Jr,nan,1,0.0003803727653100038
212,Juan Valera,Хуан Валера,1,0.0003803727653100038
213,Juhani Aho,Юхани Ахо,1,0.0003803727653100038
214,Juhani Konkka,Юхани Конкка,2,0.0007607455306200076
215,Jules Verne,Жюль Верн,1,0.0003803727653100038
216,Julie Hennegan,nan,1,0.0003803727653100038
217,Julie McDowall,nan,1,0.0003803727653100038
218,Junta de Andalucía,Правительство Андалусии,3,0.0011411182959300114
219,Juozas Aputis,Юозас Апутис,21,0.00798782807151008
220,Karen DeYoung,nan,1,0.0003803727653100038
221,Karin Alvtegen,Карин Альвтеген,1,0.0003803727653100038
222,Karin Boye,Карин Бойе,1,0.0003803727653100038
223,Katarina Kieri,Катарина Киери,2,0.0007607455306200076
224,Kazys Saja,Казис Сая,1,0.0003803727653100038
225,Kārlis Skalbe,Карлис Скалбе,33,0.012552301255230125
226,Keith GessenJune,nan,1,0.0003803727653100038
227,Kenneth Grahame,Кеннет Грэм,1,0.0003803727653100038
228,Kenneth Rapoza,nan,1,0.0003803727653100038
229,Kurt Vonnegut,Курт Воннегут,2,0.0007607455306200076
230,Kyle Mizokami,nan,1,0.0003803727653100038
231,L. Frank Baum,Л. Фрэнк Баум,5,0.001901863826550019
232,LEONID BERSHIDSKY,nan,1,0.0003803727653100038
233,Lars Gustafsson,Ларс Густафссон,2,0.0007607455306200076
234,Lauren Weisberger,Лорен Вайсбергер,1,0.0003803727653100038
235,Lemony Snicket,Лемони Сникет,2,0.0007607455306200076
236,Leonid Bershidsky,nan,3,0.0011411182959300114
237,Lewis Carroll,Льюис Кэррол,2,0.0007607455306200076
238,Lic. Carlos Pereyra Mele,nan,1,0.0003803727653100038
239,Lindsey Galloway,nan,1,0.0003803727653100038
240,Lindsey Graham,nan,1,0.0003803727653100038
241,Luigi Pirandello,Луиджи Пиранделло,2,0.0007607455306200076
242,Luis Ignacio Parada,nan,1,0.0003803727653100038
243,Magnus Florin,Магнус Флорин,1,0.0003803727653100038
244,Maiju Lassilla,Майю Лассила,1,0.0003803727653100038
245,Majgull Axelsson,Майгулль Аксельссон,2,0.0007607455306200076
246,Manuel José Montañez Lanza,nan,1,0.0003803727653100038
247,Manuel P. Villatoro,nan,14,0.005325218714340053
248,Marcelo Falak,nan,1,0.0003803727653100038
249,Marcin Wojciechowski,Марчин Войчеховский,1,0.0003803727653100038
250,Marco Pacini,Марко Пачини,1,0.0003803727653100038
251,Margaret Mitchell,Маргарет Митчелл,2,0.0007607455306200076
252,Maria Gripe,Мария Грипе,2,0.0007607455306200076
253,Marianne Fredriksson,Мариан Фредрикссон,1,0.0003803727653100038
254,Marie Hermanson,Мари Хермансон,1,0.0003803727653100038
255,Marie Pierre Rey,Мари-Пьер Рэй,1,0.0003803727653100038
256,Mario Rodolfo Dellepere,nan,1,0.0003803727653100038
257,Mario Vargas Llosa,Марио Варгас Льоса,1,0.0003803727653100038
258,Mark Twain,Марк Твен,3,0.0011411182959300114
259,Mark Whitehouse,nan,1,0.0003803727653100038
260,Martin Karlík,Мартин Карлик,1,0.0003803727653100038
261,Martti Larni,Мартти Ларни,1,0.0003803727653100038
262,Mary Ilyushina and Frederik Pleitgen,nan,1,0.0003803727653100038
263,Mary Mapes Dodge,Мэри Мейпс Додж,1,0.0003803727653100038
264,Matthew Bodner,nan,1,0.0003803727653100038
265,Matthew Walther,nan,1,0.0003803727653100038
266,Māra Svīre,Мара Свире,1,0.0003803727653100038
267,Michael Ashelm,Михаэль Асхельм,1,0.0003803727653100038
268,Michael Calia,nan,1,0.0003803727653100038
269,Michael Connelly,Майкл Коннели,1,0.0003803727653100038
270,Michael Ende,Михаэль Энде,1,0.0003803727653100038
271,Michael Peck,nan,1,0.0003803727653100038
272,Michelle Jamrisko,nan,1,0.0003803727653100038
273,Micol Flammini,Миколь Фламмини,1,0.0003803727653100038
274,Mika Waltari,Мика Валтари,1,0.0003803727653100038
275,Milan Kundera,Милан Кундера,1,0.0003803727653100038
276,Miranda Lee,Миранда Ли,1,0.0003803727653100038
277,Mitch Leslie,nan,1,0.0003803727653100038
278,Mitsubishi Europe,Mitsubishi Europe,1,0.0003803727653100038
279,Monika Fagerholm,Моника Фагерхольм,1,0.0003803727653100038
280,Natalie Nougayrede,nan,1,0.0003803727653100038
281,Natasha Clark,nan,1,0.0003803727653100038
282,Neil MacFarquhar and Ivan Nechepurenko,nan,1,0.0003803727653100038
283,New South Wales Health Department,Департамент здравоохранения Нового Южного Уэльса,1,0.0003803727653100038
284,Niccolò Ammaniti,Никколо Амманити,1,0.0003803727653100038
285,Nicola Davis,nan,1,0.0003803727653100038
286,Nikolas K. Gvosdev,nan,1,0.0003803727653100038
287,Nora Ikstena,Нора Икстена,1,0.0003803727653100038
288,Novalis,Новалис,1,0.0003803727653100038
289,O. Henry,О. Генри,8,0.0030429821224800305
290,Olga Tokarczuk,Ольга Токарчук,1,0.0003803727653100038
291,Oscar Wilde,Оскар Уайльд,1,0.0003803727653100038
292,Óscar Gantes,nan,1,0.0003803727653100038
293,P. C. Jersild,Пер Кристиан Ершильд,1,0.0003803727653100038
294,P. L. Travers,П. Трэверс,1,0.0003803727653100038
295,PAULINA NEUDING,nan,1,0.0003803727653100038
296,Pablo Munoz,nan,1,0.0003803727653100038
297,Pablo Múñoz,nan,1,0.0003803727653100038
298,Patrick Modiano,Патрик Модиано,1,0.0003803727653100038
299,Patrick Süskind,Патрик Зюскинд,1,0.0003803727653100038
300,Paul Sonne,nan,1,0.0003803727653100038
301,Paul Waldman,nan,2,0.0007607455306200076
302,Pavel K. Baev,nan,1,0.0003803727653100038
303,Paweł Wroński,Павел Вроньский,1,0.0003803727653100038
304,Pär Lagerkvist,Пер Лагерквист,5,0.001901863826550019
305,Pedro Antonio de Alarcón,Педро Антонио де Аларкон,1,0.0003803727653100038
306,Pedro Rodrígez,nan,1,0.0003803727653100038
307,Per Olov Enqvist,Пер Улов Энквист,3,0.0011411182959300114
308,Peter Pomerantsev,nan,1,0.0003803727653100038
309,Petro Poroshenko,nan,1,0.0003803727653100038
310,Philip Stanhope,лорд Честерфилд,1,0.0003803727653100038
311,Pippa Crerar,nan,1,0.0003803727653100038
312,Prosper Merimée,Проспер Мериме,1,0.0003803727653100038
313,ROBBIE GRAMER,nan,1,0.0003803727653100038
314,ROD DREHER,nan,2,0.0007607455306200076
315,Rafael M. Mañueco,nan,4,0.0015214910612400153
316,Rainis,Райнис,2,0.0007607455306200076
317,Ramón Pérez-Maura,nan,1,0.0003803727653100038
318,Ray Bradbury,Рэй Брэдбери,1,0.0003803727653100038
319,Regīna Ezera,Регина Эзера,3,0.0011411182959300114
320,René Goscinny,Рене Госинни,1,0.0003803727653100038
321,Ricardo Segura Ballar,nan,1,0.0003803727653100038
322,Richard Brody,nan,1,0.0003803727653100038
323,Ričardas Gavelis,Ричардас Гавялис,1,0.0003803727653100038
324,Roald Dahl,Роальд Даль,1,0.0003803727653100038
325,Rob Harvilla,nan,1,0.0003803727653100038
326,Robert Fisk,nan,1,0.0003803727653100038
327,Robert L. Eichelberger,nan,1,0.0003803727653100038
328,Robert Louis Stevenson,Роберт Луис Стивенсон,4,0.0015214910612400153
329,Roberta Zunini,Роберта Дзунини,1,0.0003803727653100038
330,Rosie Dimanno,nan,1,0.0003803727653100038
331,Rudyard Kipling,Редьярд Киплинг,4,0.0015214910612400153
332,Rūdolfs Blaumanis,Рудольф Блауманис,19,0.0072270825408900724
333,SASHA POLAKOW-SURANSKY,nan,1,0.0003803727653100038
334,Samuel Bendett,nan,1,0.0003803727653100038
335,Sandro Modeo,Сандро Модео,1,0.0003803727653100038
336,Sara Lucaroni,Сара Лукарони,1,0.0003803727653100038
337,Sebastián Fest,nan,1,0.0003803727653100038
338,Selma Lagerlöf,Сельма Лагерлёф,5,0.001901863826550019
339,Sergei Ilnitsky,nan,1,0.0003803727653100038
340,Sir Timothy Garden,Сэр Тимоти Гарден,1,0.0003803727653100038
341,Stanisław Ignacy Witkiewicz,Станислав Игнацы Виткевич,1,0.0003803727653100038
342,Stanisław Lem,Станислав Лем,1,0.0003803727653100038
343,Stefan Żeromski,Стефан Жеромский,4,0.0015214910612400153
344,Stefano Cingolani,Стефано Чинголани,1,0.0003803727653100038
345,Stephan Mendel-Enk,Стефан Мендель-Энк,1,0.0003803727653100038
346,Stephen King,Стивен Кинг,8,0.0030429821224800305
347,Sven Delblanc,Свен Дельбланк,2,0.0007607455306200076
348,TNI Staff,nan,1,0.0003803727653100038
349,TURESPAÑA (Carlos Salvador) (TURESPAÑA,Карлос Сальвадор,1,0.0003803727653100038
350,Tania Romero,nan,1,0.0003803727653100038
351,Telegraf.by,Telegraf.by,23,0.008748573602130088
352,Theodor Fontane,Теодор Фонтане,1,0.0003803727653100038
353,Theodore Dreiser,Теодор Драйзер,6,0.002282236591860023
354,Thomas Gibbons-Neff,nan,1,0.0003803727653100038
355,Thomas Hardy,Томас Гарди,1,0.0003803727653100038
356,Thomas Harris,Томас Харрис,1,0.0003803727653100038
357,Thomas L. Friedman,nan,1,0.0003803727653100038
358,Thomas Mann,Томас Манн,2,0.0007607455306200076
359,Tim Lister,nan,1,0.0003803727653100038
360,Time,nan,1,0.0003803727653100038
361,Toivo Flink,Тойво Флинк,1,0.0003803727653100038
362,Tom Donnelly et al,Том Доннелли,1,0.0003803727653100038
363,Torgny Lindgren,Торгни Линдгрен,1,0.0003803727653100038
364,Tove Jansson,Туве Янссон,2,0.0007607455306200076
365,Tullio Regge,Туллио Редже,1,0.0003803727653100038
366,Umberto Eco,Умберто Эко,2,0.0007607455306200076
367,Ursula Le Guin,Урсула Ле Гуин,1,0.0003803727653100038
368,Vaižgantas,Вайжгантас,1,0.0003803727653100038
369,Valentí Puig,nan,1,0.0003803727653100038
370,Valerio Massimo Manfredi,Валерио Массимо Манфреди,1,0.0003803727653100038
371,Vanand Meliksetian,nan,1,0.0003803727653100038
372,Vicente Blasco Ibáñez,Висенте Бласко Ибаньес,1,0.0003803727653100038
373,Victor Hugo,Виктор Гюго,2,0.0007607455306200076
374,Viktor Katona,nan,1,0.0003803727653100038
375,Vilis Lācis,Вилис Лацис,8,0.0030429821224800305
376,Vizma Belševica,Визма Белшевица,2,0.0007607455306200076
377,W. J. Henningan,nan,1,0.0003803727653100038
378,Wacław Radziwinowicz,Вацлав Радзивинович,1,0.0003803727653100038
379,Wade Shepard,nan,1,0.0003803727653100038
380,Walter M. Miller,Уолтер Миллер,1,0.0003803727653100038
381,Walter Russel Mead,nan,1,0.0003803727653100038
382,Walter Scott,Вальтер Скотт,1,0.0003803727653100038
383,Wesley Morgan,nan,1,0.0003803727653100038
384,Will Hurd,nan,1,0.0003803727653100038
385,William Golding,Уильям Голдинг,1,0.0003803727653100038
386,William S. SMITH,nan,1,0.0003803727653100038
387,Willis Krumholz,nan,1,0.0003803727653100038
388,Willy Kyrklund,Вилли Чурклюнд,1,0.0003803727653100038
389,Winston Groom,Уинстон Грум,1,0.0003803727653100038
390,Władysław Reymont,Владислав Реймонт,1,0.0003803727653100038
391,ZACH DORFMAN,nan,1,0.0003803727653100038
392,Zach Dorfman,nan,1,0.0003803727653100038
393,Zack Wasserman,nan,1,0.0003803727653100038
394,Zenta Ērgle,Зента Эргле,3,0.0011411182959300114
395,Zigmunds Skujiņš,Зигмунд Скуинь,4,0.0015214910612400153
396,Zofia Kossak,Зофья Коссак,1,0.0003803727653100038
397,berlin.de,berlin.de,1,0.0003803727653100038
398,nrw.de,nan,1,0.0003803727653100038
399,ufc-capital.com,ufc-capital.com,1,0.0003803727653100038
400,www.ifspb.com,www.ifspb.com,1,0.0003803727653100038
401,Є. Лавренюк,А. Волков,1,0.0003803727653100038
402,Євгенія Кононенко,Евгения Кононенко,1,0.0003803727653100038
403,Іван Дзюба,Иван Дзюба,1,0.0003803727653100038
404,Іван Карпенко-Карий,Иван Карпенко-Карый,2,0.0007607455306200076
405,Іван Керницький,Иван Керницкий,1,0.0003803727653100038
406,Іван Котляревський,Иван Котляревский,1,0.0003803727653100038
407,Іван Котлярівський,Иван Котляревский,1,0.0003803727653100038
408,Іван Мележ,Иван Мележ,1,0.0003803727653100038
409,Іван Нечуй-Левицький,Иван Нечуй-Левицкий,8,0.0030429821224800305
410,Іван Франко,Иван Франко,7,0.0026626093571700264
411,Іван Чыгрынаў,Иван Чигринов,5,0.001901863826550019
412,Іван Шамякін,Иван Шамякин,5,0.001901863826550019
413,Ігор Анцишкін,Игорь Анцышкин,2,0.0007607455306200076
414,Ігор Бондар-Терещенко,Игорь Бондарь-Терещенко,1,0.0003803727653100038
415,Ігор Лосєв,Игорь Лосев,13,0.00494484594903005
416,Ірина Солодченко,Ирина Солодченко,1,0.0003803727653100038
417,А. А. Фадеев,А. А. Фадеев,1,0.0003803727653100038
418,А. Бутэвіч,А. Бутевич,1,0.0003803727653100038
419,А. В. Кузнецов,А. В. Кузнецов,1,0.0003803727653100038
420,А. В. Литвиненко,А. В. Литвиненко,1,0.0003803727653100038
421,А. И. Куприн,А. И. Куприн,15,0.005705591479650057
422,А. И. Приставкин,А. И. Приставкин,1,0.0003803727653100038
423,А. И. Солженицын,А. И. Солженицын,5,0.001901863826550019
424,А. Н. Варламов,А. Н. Варламов,1,0.0003803727653100038
425,А. Н. Островский,А. Н. Островский,2,0.0007607455306200076
426,А. Н. Рыбаков,А. Н. Рыбаков,2,0.0007607455306200076
427,А. Н. Стругацкий,А. Н. Стругацкий,10,0.003803727653100038
428,А. Н. Толстой,А. Н. Толстой,3,0.0011411182959300114
429,А. П. Чехов,А. П. Чехов,106,0.040319513122860404
430,А. Р. Беляев,А. Р. Беляев,4,0.0015214910612400153
431,А. С. Пушкин,А. С. Пушкин,19,0.0072270825408900724
432,А. Т. Аверченко,А. Т. Аверченко,9,0.003423354887790034
433,"АКБ ""Русславбанк""","АКБ ""Русславбанк""",1,0.0003803727653100038
434,Александр Грин,Александр Грин,1,0.0003803727653100038
435,Александр Минеев,Александр Минеев,1,0.0003803727653100038
436,Алексей Балабанов,Алексей Балабанов,1,0.0003803727653100038
437,Алена Василевич,Алена Василевич,1,0.0003803727653100038
438,Алесь Адамовіч,Алесь Адамович,3,0.0011411182959300114
439,Алесь Пашкевіч,Алесь Пашкевич,1,0.0003803727653100038
440,Аляксей Кулакоўскі,Алексей Кулаковский,1,0.0003803727653100038
441,Анатолій Свидницький,Анатолий Свидницкий,1,0.0003803727653100038
442,Анатолій Стась,Анатолий Стась,1,0.0003803727653100038
443,Ангелина Давыдова,Ангелина Давыдова,1,0.0003803727653100038
444,Андрей Дмитрук,Андрей Дмитрук,1,0.0003803727653100038
445,Андрей Курейчик,Андрей Курейчик,2,0.0007607455306200076
446,Андрей Курков,Андрей Курков,1,0.0003803727653100038
447,Андрей Платонов,Андрей Платонов,2,0.0007607455306200076
448,Андрей Чемышев,Андрей Чемышев,1,0.0003803727653100038
449,Андрій Калин,Андрей Калин,36,0.013693419551160137
450,Андрій Окара,Андрей Окара,1,0.0003803727653100038
451,Анна Политковская,Анна Политковская,1,0.0003803727653100038
452,Антон Санченко,Антон Санченко,1,0.0003803727653100038
453,Аркадий Гайдар,Аркадий Гайдар,1,0.0003803727653100038
454,Артем Куреев,Артем Куреев,1,0.0003803727653100038
455,Архип Тесленко,Архип Тесленко,22,0.008368200836820083
456,Б. В. Заходер,Б. В. Заходер,2,0.0007607455306200076
457,Б. В. Зубков,Б. В. Зубков,1,0.0003803727653100038
458,Б. Изаков [перевод с английского повести Э. Хемингуэя,Б. Изаков [перевод с английского повести Э. Хемингуэя,1,0.0003803727653100038
459,Б. Н. Полевой,Б. Н. Полевой,2,0.0007607455306200076
460,Б. Н. Стругацкий,Б. Н. Стругацкий,10,0.003803727653100038
461,БЕЛАПАН,БЕЛАПАН,30,0.011411182959300114
462,Балдан Санжин,Балдан Санжин,1,0.0003803727653100038
463,Барадий Мунгонов,Барадий Мунгонов,1,0.0003803727653100038
464,Бидия Дандарон,Бидия Дандарон,1,0.0003803727653100038
465,Борис Акунин,Борис Акунин,2,0.0007607455306200076
466,Борис Антоненко-Давидович,Борис Антоненко-Давидович,1,0.0003803727653100038
467,Борис Грінченко,Борис Гринченко,3,0.0011411182959300114
468,Борис Оречкин,Борис Оречкин,1,0.0003803727653100038
469,Борис Пастернак,Борис Пастернак,1,0.0003803727653100038
470,В. А. Обручев,В. А. Обручев,1,0.0003803727653100038
471,В. А. Осеева,В. А. Осеева,18,0.006846709775580068
472,В. А. Ревич,В. А. Ревич,1,0.0003803727653100038
473,В. В. Ерофеев,В. В. Ерофеев,1,0.0003803727653100038
474,В. Г. Короленко,В. Г. Короленко,5,0.001901863826550019
475,В. Г. Сорокин,В. Г. Сорокин,4,0.0015214910612400153
476,В. Е. Бахнов,В. Е. Бахнов,1,0.0003803727653100038
477,В. И. Вернадский,В. И. Вернадский,1,0.0003803727653100038
478,В. И. Савченко,В. И. Савченко,1,0.0003803727653100038
479,В. М. Гаршин,В. М. Гаршин,9,0.003423354887790034
480,В. П. Аксенов,В. П. Аксенов,1,0.0003803727653100038
481,В. С. Гроссман,В. С. Гроссман,8,0.0030429821224800305
482,В. С. Пикуль,В. С. Пикуль,1,0.0003803727653100038
483,В. Т. Бабенко,В. Т. Бабенко,1,0.0003803727653100038
484,В. Я. Брюсов,В. Я. Брюсов,3,0.0011411182959300114
485,Валянцін Зуб,Валентин Зуб,1,0.0003803727653100038
486,Варлам Шаламов,Варлам Шаламов,2,0.0007607455306200076
487,Василий Высоков,Василий Высоков,1,0.0003803727653100038
488,Василь Бережний,Василий Бережной,2,0.0007607455306200076
489,Василь Стефаник,Василий Стефаник,53,0.020159756561430202
490,Василь Стус,Василь Стус,1,0.0003803727653100038
491,Василь Сухомлинський,Василий Сухомлинский,34,0.012932674020540129
492,Васіль Быкаў,Василь Быков,23,0.008748573602130088
493,Вера Смирнова,Вера Смирнова,1,0.0003803727653100038
494,Википедия,Википедия,7,0.0026626093571700264
495,Виктор Ерофеев,Виктор Ерофеев,1,0.0003803727653100038
496,Виктор Пелевин,Виктор Пелевин,1,0.0003803727653100038
497,Виктор Суворов,Виктор Суворов,1,0.0003803727653100038
498,Вл. Гаков,Вл. Гаков,3,0.0011411182959300114
499,Владимир Зазубрин,Владимир Зазубрин,1,0.0003803727653100038
500,Владимир Набоков,Владимир Набоков,98,0.03727653100038037
501,Владимир Рувинский,Владимир Рувинский,1,0.0003803727653100038
502,Владимир Соловьев,Владимир Соловьев,1,0.0003803727653100038
503,Владимир Терлецкий,Владимир Терлецкий,2,0.0007607455306200076
504,Владислав Мещеряков,Владислав Мещеряков,1,0.0003803727653100038
505,Володимир Бамбула,Владимир Бамбула,2,0.0007607455306200076
506,Володимир Винниченко,Владимир Винниченко,1,0.0003803727653100038
507,Володимир Владко,Владимир Владко,1,0.0003803727653100038
508,Володимир Малик,Владимир Малик,2,0.0007607455306200076
509,Володимир Самійленко,Владимир Самийленко,2,0.0007607455306200076
510,Вольдемар Бааль,Вольдемар Бааль,1,0.0003803727653100038
511,Всеволод Гаршин,Всеволод Гаршин,1,0.0003803727653100038
512,Всеволод Нестайко,Всеволод Нестайко,1,0.0003803727653100038
513,Вінцэнт Дунін-Марцінкевіч,Винцент Дунин-Марцинкевич,1,0.0003803727653100038
514,Вітаўт Чаропка,Витовт Чаропко,3,0.0011411182959300114
515,Г. Н. Троепольский,Г. Н. Троепольский,1,0.0003803727653100038
516,Г. С. Гор,Г. С. Гор,1,0.0003803727653100038
517,Гавриил Троепольский,Гавриил Троепольский,1,0.0003803727653100038
518,Гайто Газданов,Гайто Газданов,2,0.0007607455306200076
519,Галина Тарасюк,Галина Тарасюк,3,0.0011411182959300114
520,Генрых Далідовіч,Генрих Далидович,4,0.0015214910612400153
521,Григорий Квитка-Основьяненко,Григорий Квитка-Основьяненко,1,0.0003803727653100038
522,Григорий Остер,Григорий Остер,1,0.0003803727653100038
523,Григорий Сковорода,Григорий Сковорода,29,0.01103081019399011
524,Григорій Квітка-Основ'яненко,Григорий Квитка-Основьяненко,3,0.0011411182959300114
525,Д. Н. Мамин-Сибиряк,Д. Н. Мамин-Сибиряк,1,0.0003803727653100038
526,Д. Н. Медведев,Д. Н. Медведев,1,0.0003803727653100038
527,Денис Дмитриев,Денис Дмитриев,1,0.0003803727653100038
528,Е. Голышева,Е. Голышева,1,0.0003803727653100038
529,Е. Зыкова,Е. Зыкова,1,0.0003803727653100038
530,Е. И. Замятин,Е. И. Замятин,3,0.0011411182959300114
531,Е. Л. Озерецкая,Е. Л. Озерецкая,1,0.0003803727653100038
532,Е. Лукин,Е. Лукин,1,0.0003803727653100038
533,Е. П. Петров,Е. П. Петров,5,0.001901863826550019
534,Е. С. Муслин,Е. С. Муслин,1,0.0003803727653100038
535,Елена Милашина,Елена Милашина,1,0.0003803727653100038
536,Емма Андрієвська,Эмма Андриевская,1,0.0003803727653100038
537,Зура Итсмиолорд,Зура Итсмиолорд,1,0.0003803727653100038
538,И. А. Бунин,Иван Бунин,6,0.002282236591860023
539,И. А. Ефремов,И. А. Ефремов,1,0.0003803727653100038
540,И. А. Ильф,И. А. Ильф,5,0.001901863826550019
541,И. Грекова,И. Грекова,1,0.0003803727653100038
542,И. И. Акимушкин,И. И. Акимушкин,1,0.0003803727653100038
543,И. И. Варшавский,И. И. Варшавский,1,0.0003803727653100038
544,И. С. Тургенев,И. С. Тургенев,16,0.006085964244960061
545,И. Э. Бабель,И. Э. Бабель,73,0.027767211867630277
546,Иван Бунин,Иван Бунин,1,0.0003803727653100038
547,Иван Гончаров,Иван Гончаров,4,0.0015214910612400153
548,Игорь Наумов,Игорь Наумов,1,0.0003803727653100038
549,Из сборника А. Н. Афанасьева «Народные русские сказки»,Из сборника А. Н. Афанасьева «Народные русские сказки»,2,0.0007607455306200076
550,К. Г. Паустовский,К. Г. Паустовский,1,0.0003803727653100038
551,К. Д. Ушинский,К. Д. Ушинский,1,0.0003803727653100038
552,К. И. Чуковский,К. И. Чуковский,1,0.0003803727653100038
553,К. М. Станюкович,К. М. Станюкович,7,0.0026626093571700264
554,К. Петрус,К. Петрус,1,0.0003803727653100038
555,Канстанцін Каліноўскі,Константин Калиновский,9,0.003423354887790034
556,Карлас Шэрман,Карлос Шерман,1,0.0003803727653100038
557,Кир Булычев,Кир Булычев,8,0.0030429821224800305
558,Кирило Толпиго,Кирилл Толпиго,1,0.0003803727653100038
559,"Компания ""КазМунайГаз""","Компания ""КазМунайГаз""",1,0.0003803727653100038
560,Константин Тарасов,Константин Тарасов,3,0.0011411182959300114
561,Кузьма Чорны,Кузьма Чорный,6,0.002282236591860023
562,Л. А. Обухова,Л. А. Обухова,1,0.0003803727653100038
563,Л. В. Соловьёв,Л. В. Соловьёв,2,0.0007607455306200076
564,Л. Лукина,Л. Лукина,1,0.0003803727653100038
565,Л. Н. Андреев,Л. Н. Андреев,3,0.0011411182959300114
566,Л. Н. Толстой,Л. Н. Толстой,35,0.013313046785850133
567,Л. П. Берия,Л. П. Берия,1,0.0003803727653100038
568,Л. Пантелеев,Л. Пантелеев,1,0.0003803727653100038
569,Л. С. Петрушевская,Л. С. Петрушевская,1,0.0003803727653100038
570,Л. Ф. Артюх,Л. Ф. Артюх,1,0.0003803727653100038
571,Леанід Дайнека,Леонид Дайнеко,4,0.0015214910612400153
572,Лесь Мартович,Лесь Мартович,18,0.006846709775580068
573,Леся Українка,Леся Украинка,86,0.032712057816660325
574,Лидия Чуковская,Лидия Чуковская,1,0.0003803727653100038
575,Людмила Улицкая,Людмила Улицкая,2,0.0007607455306200076
576,Лідзія Арабей,Лидия Арабей,1,0.0003803727653100038
577,Ліна Костенко,Лина Костенко,1,0.0003803727653100038
578,М. А. Шолохов,М. А. Шолохов,2,0.0007607455306200076
579,М. Белахова,М. Белахова,1,0.0003803727653100038
580,М. Горький,М. Горький,4,0.0015214910612400153
581,М. Д. Яснов,М. Д. Яснов,1,0.0003803727653100038
582,М. Е. Кольцов,М. Е. Кольцов,9,0.003423354887790034
583,М. Е. Салтыков-Щедрин,М. Е. Салтыков-Щедрин,1,0.0003803727653100038
584,М. Л. Степнова,М. Л. Степнова,1,0.0003803727653100038
585,М. М. Зощенко,М. М. Зощенко,14,0.005325218714340053
586,М. М. Пришвин,М. М. Пришвин,75,0.028527957398250287
587,М. П. Шишкин,М. П. Шишкин,1,0.0003803727653100038
588,М. Ю. Лермонтов,М. Ю. Лермонтов,4,0.0015214910612400153
589,М. Я. Гольштейн,М. Я. Гольштейн,1,0.0003803727653100038
590,Майя Фролова,Майя Фролова,1,0.0003803727653100038
591,Максим Горький,Максим Горький,15,0.005705591479650057
592,Максім Гарэцкі,Максим Горецкий,4,0.0015214910612400153
593,Мария Глушенкова,Мария Глушенкова,1,0.0003803727653100038
594,Марко Вовчок,Марко Вовчок,15,0.005705591479650057
595,Марко Кропивницький,Марк Кропивницкий,6,0.002282236591860023
596,Марко Черемшина,Марко Черемшина,15,0.005705591479650057
597,Микола Куліш,Николай Кулиш,3,0.0011411182959300114
598,Микола Руденко,Николай Руденко,1,0.0003803727653100038
599,Микола Трублаїні,Николай Трублаини,2,0.0007607455306200076
600,Микола Хвильовий,Микола Хвылевый,25,0.009509319132750094
601,Министерство образования России,Министерство образования России,1,0.0003803727653100038
602,Михайло Коцюбинський,Михаил Коцюбинский,21,0.00798782807151008
603,Михайло Ларін,Михаил Ларин,1,0.0003803727653100038
604,Михайло Старицький,Михаил Старицкий,3,0.0011411182959300114
605,Михаил Бахтин,Михаил Бахтин,2,0.0007607455306200076
606,Михаил Булгаков,Михаил Булгаков,21,0.00798782807151008
607,Михаил Кузмин,Михаил Кузмин,1,0.0003803727653100038
608,Михаил Ткачев,Михаил Ткачев,1,0.0003803727653100038
609,Московский государственный университет,Московский государственный университет,1,0.0003803727653100038
610,Мостай Кәрим,Мустай Карим,1,0.0003803727653100038
611,Мікола Гамолка,Николай Гомолко,2,0.0007607455306200076
612,Міхась Лынькоў,Михась Лыньков,3,0.0011411182959300114
613,Міхась Стральцоў,Михась Стрельцов,5,0.001901863826550019
614,Н. А. Бердяев,Н. А. Бердяев,1,0.0003803727653100038
615,Н. А. Островский,Н. А. Островский,12,0.004564473183720046
616,Н. В. Науменко,Н. В. Науменко,7,0.0026626093571700264
617,Н. И. Костомаров,Н. И. Костомаров,1,0.0003803727653100038
618,Н. И. Шагайда,Н. И. Шагайда,1,0.0003803727653100038
619,Н. Метелева,Н. Метелева,1,0.0003803727653100038
620,Н. Н. Носов,Н. Н. Носов,14,0.005325218714340053
621,Н. С. Лесков,Н. С. Лесков,2,0.0007607455306200076
622,Надзея Нікалаева,Надежда Николаева,1,0.0003803727653100038
623,Намсарайн Хуса,Хоца Намсараев,2,0.0007607455306200076
624,Народна казка,Народная сказка,89,0.03385317611259034
625,Народная сказка,Народная сказка,2,0.0007607455306200076
626,Наталя Забіла,Наталья Забила,1,0.0003803727653100038
627,Наталія Гамоля,Елена Мокроусова,1,0.0003803727653100038
628,Начальник УНКВД по Днепропетровской области полковник Госбезопасности Седов,Начальник УНКВД по Днепропетровской области полковник Госбезопасности Седов,1,0.0003803727653100038
629,Николай Гоголь,Николай Гоголь,6,0.002282236591860023
630,Николай Гумилёв,Николай Гумилёв,1,0.0003803727653100038
631,Николай Гоголь,Николай Гоголь,39,0.014834537847090148
632,О. Волков,Е. Лавренюк,1,0.0003803727653100038
633,О. Е. Бабошина,О. Е. Бабошина,2,0.0007607455306200076
634,О. М. Сомов,О. М. Сомов,1,0.0003803727653100038
635,О. П. Стороженко,А. П. Стороженко,1,0.0003803727653100038
636,О. Э. Мандельштам,О. Э. Мандельштам,2,0.0007607455306200076
637,Оксана Іваненко,Оксана Иваненко,1,0.0003803727653100038
638,Оксана Забужко,Оксана Забужко,2,0.0007607455306200076
639,Олег Романчук,Олег Романчук,1,0.0003803727653100038
640,Олександр Довженко,Александр Довженко,8,0.0030429821224800305
641,Олександр Конисський,Александр Конисский,1,0.0003803727653100038
642,Олександр Тесленко,Александр Тесленко,2,0.0007607455306200076
643,Олена Мокроусова,Наталия Гамоля,1,0.0003803727653100038
644,Олена Щербань,Елена Щербань,2,0.0007607455306200076
645,Олесь Бердник,Александр Бердник,1,0.0003803727653100038
646,Олесь Гончар,Олесь Гончар,2,0.0007607455306200076
647,Олесь Досвітний,Олесь Досвитный,2,0.0007607455306200076
648,Ольга Кобилянська,Ольга Кобылянская,13,0.00494484594903005
649,Орест-Дмитро Вільчинський,Орест-Дмитрий Вильчинский,1,0.0003803727653100038
650,Осип Маковей,Осип Маковей,1,0.0003803727653100038
651,Остап Вишня,Остап Вишня,23,0.008748573602130088
652,П. П. Бажов,П. П. Бажов,7,0.0026626093571700264
653,Павел Місько,Павел Мисько,1,0.0003803727653100038
654,Павло Грабовський,Павел Грабовский,14,0.005325218714340053
655,Павло Загребельний,Павел Загребельный,1,0.0003803727653100038
656,Панас Мирний,Панас Мирный,9,0.003423354887790034
657,Пантелеймон Кулиш,Пантелеймон Кулиш,1,0.0003803727653100038
658,Р. Н. Редлих,Р. Н. Редлих,1,0.0003803727653100038
659,Р. П. Погодин,Р. П. Погодин,6,0.002282236591860023
660,Ризаитдин Фәхретдинов,Ризаитдин Фахретдинов,1,0.0003803727653100038
661,Роман Іваничук,Роман Иванычук,1,0.0003803727653100038
662,Рувим Фраерман,Рувим Фраерман,1,0.0003803727653100038
663,Руслан Хестанов,Руслан Хестанов,1,0.0003803727653100038
664,С. Г. Козлов,С. Г. Козлов,2,0.0007607455306200076
665,С. Т. Аксаков,С. Т. Аксаков,1,0.0003803727653100038
666,С. Я. Маршак,С. Я. Маршак,1,0.0003803727653100038
667,Саша Соколов,Саша Соколов,1,0.0003803727653100038
668,Светлана Алексиевич,Светлана Алексиевич,5,0.001901863826550019
669,Сергей Булгаков,Сергей Булгаков,1,0.0003803727653100038
670,Сергей Довлатов,Сергей Довлатов,5,0.001901863826550019
671,Сергей Михалков,Сергей Михалков,1,0.0003803727653100038
672,Сергей Тимофеев,Сергей Тимофеев,1,0.0003803727653100038
673,Сергей Довлатов,Сергей Довлатов,1,0.0003803727653100038
674,Сергей Михалков,Сергей Михалков,1,0.0003803727653100038
675,Сергій Жадан,Сергей Жадан,1,0.0003803727653100038
676,Степан Васильченко,Степан Васильченко,6,0.002282236591860023
677,Сусанна Альперина,Сусанна Альперина,1,0.0003803727653100038
678,Т. Г. Мальована,Т. Г. Малеваная,1,0.0003803727653100038
679,Т. Н. Толстая,Т. Н. Толстая,1,0.0003803727653100038
680,Тарас Прохасько,Тарас Прохасько,2,0.0007607455306200076
681,Тарас Шевченко,Тарас Шевченко,119,0.045264359071890456
682,Татьяна Полякова,Татьяна Полякова,1,0.0003803727653100038
683,Тетяна Малярчук,Татьяна Малярчук,1,0.0003803727653100038
684,Уладзімір Арлоў,Владимир Орлов,1,0.0003803727653100038
685,Уладзімір Калеснік,Владимир Колесник,2,0.0007607455306200076
686,Уладзімір Караткевіч,Владимир Короткевич,8,0.0030429821224800305
687,Уладзімір Някляеў,Владимир Некляев,1,0.0003803727653100038
688,Уладзімір Шыцік,Владимир Шитик,2,0.0007607455306200076
689,Уладімір Караткевіч,Владимир Короткевич,2,0.0007607455306200076
690,Ф. А. Искандер,Ф. А. Искандер,9,0.003423354887790034
691,Ф. М. Достоевский,Ф. М. Достоевский,22,0.008368200836820083
692,Федор Сологуб,Федор Сологуб,4,0.0015214910612400153
693,Феликс Квадригин,Феликс Квадригин,1,0.0003803727653100038
694,Фотопроект «Россия. Территория настоящего»,Фотопроект «Россия. Территория настоящего»,1,0.0003803727653100038
695,Ц. Лерман,Ц. Лерман,1,0.0003803727653100038
696,Цыденжаб Дон,Цыденжаб Дон,1,0.0003803727653100038
697,Цырен Шагжин,Цырен Шагжин,1,0.0003803727653100038
698,Чингиз Айтматов,Чингиз Айтматов,3,0.0011411182959300114
699,Чукотская сказка,Чукотская сказка,2,0.0007607455306200076
700,Ю. Н. Тынянов,Ю. Н. Тынянов,1,0.0003803727653100038
701,Ю. Никитин,Ю. Никитин,8,0.0030429821224800305
702,Юлія Андрэева,Юлия Андреева,1,0.0003803727653100038
703,Юрий Дружников,Юрий Дружников,1,0.0003803727653100038
704,Юрій Іздрик,Юрий Издрык,5,0.001901863826550019
705,Юрій Андрухович,Юрий Андрухович,5,0.001901863826550019
706,Юрій Винничук,Юрий Винничук,1,0.0003803727653100038
707,Юрій Лоцманенко,Юрий Лоцманенко,1,0.0003803727653100038
708,Юрій Мушкетик,Юрий Мушкетик,1,0.0003803727653100038
709,Юрій Смолич,Юрий Смолич,1,0.0003803727653100038
710,Юрій Яновський,Юрий Яновский,1,0.0003803727653100038
711,Якуб Колас,Якуб Колас,5,0.001901863826550019
712,Янка Брыль,Янка Брыль,5,0.001901863826550019
713,Янка Купала,Янка Купала,2,0.0007607455306200076
714,Янка Маўр,Янка Мавр,6,0.002282236591860023
715,Ակսել Բակունց / Aksel Bakunc‘,Аксель Бакунц,1,0.0003803727653100038
716,Դերենիկ Դեմիրճյան / Derenik Demirčyan,Дереник Демирчян,1,0.0003803727653100038
717,Խաչատուր Աբովյան / Xač‘atur Abovyan,Хачатур Абовян,1,0.0003803727653100038
718,Րաֆֆի / Raffi,Раффи,1,0.0003803727653100038
719,鲁迅 / Lu Xun,Лу Синь,3,0.0011411182959300114
